.metric,.estimator,mean,n,std_err,.config
accuracy,binary,0.7258086941770107,10,0.0012174128990159688,Preprocessor1_Model1
roc_auc,binary,0.8197348436567216,10,0.0015390025837130556,Preprocessor1_Model1
