.metric,.estimator,mean,n,std_err,.config
accuracy,binary,0.7273939958839024,10,0.001414532006304691,Preprocessor1_Model1
roc_auc,binary,0.8192295452171189,10,0.001423956323213166,Preprocessor1_Model1
